<?xml version='1.0' encoding='UTF-8'?>
<system creation-date="2022-10-24 01:15:19.912000" desc="" enable="False" id="2DCC5CDB-7639-4AB3-AC94-86E3D861ECD4" last-modified-date="" name="System1"><applications><application name="RobotWare" version="6.08.0134"><settings><system-xml path="C:\Users\tttopled\Desktop\IRB 1600 Robot studio\Solution1\Systems\System1\system.xml" /><key-id path="C:\Users\tttopled\Desktop\IRB 1600 Robot studio\Solution1\Systems\System1\INTERNAL\key.id" /><setting-file path="C:\Users\tttopled\Desktop\IRB 1600 Robot studio\Solution1\Systems\System1\INTERNAL\controller.rsf" /></settings></application></applications></system>