<?xml version="1.0" encoding="utf-8"?>
<SystemProperties>
  <SystemName>System1</SystemName>
  <SerialNo>VIRTUAL_USE</SerialNo>
  <UsedMedia>
    <Media path="C:\Users\tttopled\AppData\Local\ABB Industrial IT\Robotics IT\RobotWare\RobotWare_6.08.0134" name="RobotWare" version="6.08.0134">
    </Media>
  </UsedMedia>
  <ControlModule>
    <Option descr="RobotWare Base">
    </Option>
    <Option descr="Chinese">
    </Option>
    <Option descr="606-1 Conveyor Tracking">
    </Option>
    <Option descr="1552-1 Tracking Unit Interface">
    </Option>
    <Option descr="RobICI I/O Driver">
    </Option>
    <Option descr="709-1 DeviceNet Master/Slave">
    </Option>
  </ControlModule>
  <DriveModule>
    <Name>Robot1</Name>
    <Option descr="Drive System IRB 120/140/260/360/910SC/1200/1400/1520/1600/1660ID">
    </Option>
    <Option descr="ADU-790A in position X3">
    </Option>
    <Option descr="ADU-790A in position Y3">
    </Option>
    <Option descr="ADU-790A in position Z3">
    </Option>
    <Option descr="Axis Calibration">
    </Option>
    <Option descr="IRB 1600-10/1.45">
    </Option>
  </DriveModule>
</SystemProperties>