<?xml version = "1.0" encoding="utf-8" ?>
<cfgrules_registry xmlns="urn:abb-robotics-registry-cfg-rules">
<entry domain="EIO" prepath="C:/Users/tttopled/AppData/Local/ABB Industrial IT/Robotics IT/RobotWare/RobotWare_6.08.0134/rules/cfg/" postpath="cir_eio_cfgrules.xml"/>
<entry domain="MOC" prepath="C:/Users/tttopled/AppData/Local/ABB Industrial IT/Robotics IT/RobotWare/RobotWare_6.08.0134/rules/cfg/" postpath="moc_cfgrules.xml"/>
<entry domain="EIO" prepath="C:/Users/tttopled/AppData/Local/ABB Industrial IT/Robotics IT/RobotWare/RobotWare_6.08.0134/rules/cfg/" postpath="eio_cfgrules.xml"/>
<entry domain="SIO" prepath="C:/Users/tttopled/AppData/Local/ABB Industrial IT/Robotics IT/RobotWare/RobotWare_6.08.0134/rules/cfg/" postpath="sio_cfgrules.xml"/>
<entry domain="SIO" prepath="C:/Users/tttopled/AppData/Local/ABB Industrial IT/Robotics IT/RobotWare/RobotWare_6.08.0134/rules/cfg/" postpath="sio_net_cfgrules.xml"/>
<entry domain="SYS" prepath="C:/Users/tttopled/AppData/Local/ABB Industrial IT/Robotics IT/RobotWare/RobotWare_6.08.0134/rules/cfg/" postpath="cir_sys_cfgrules.xml"/>
<entry domain="MMC" prepath="C:/Users/tttopled/AppData/Local/ABB Industrial IT/Robotics IT/RobotWare/RobotWare_6.08.0134/rules/cfg/" postpath="cir_mmc_cfgrules.xml"/>
<entry domain="SYS" prepath="C:/Users/tttopled/AppData/Local/ABB Industrial IT/Robotics IT/RobotWare/RobotWare_6.08.0134/rules/cfg/" postpath="cir_sys_st_cfgrules.xml"/>
<entry domain="EIO" prepath="C:/Users/tttopled/AppData/Local/ABB Industrial IT/Robotics IT/RobotWare/RobotWare_6.08.0134/options/enms" postpath="/en_base_cfgrules.xml"/>
<entry domain="EIO" prepath="C:/Users/tttopled/AppData/Local/ABB Industrial IT/Robotics IT/RobotWare/RobotWare_6.08.0134/options/rici" postpath="/rici_cfgrules.xml"/>
<entry domain="EIO" prepath="C:/Users/tttopled/AppData/Local/ABB Industrial IT/Robotics IT/RobotWare/RobotWare_6.08.0134/options/dnmss" postpath="/dn_master_cfgrules.xml"/>
<entry domain="EIO" prepath="C:/Users/tttopled/AppData/Local/ABB Industrial IT/Robotics IT/RobotWare/RobotWare_6.08.0134/options/dnmss" postpath="/dn_slave_cfgrules.xml"/>
<entry domain="SIO" prepath="C:/Users/tttopled/AppData/Local/ABB Industrial IT/Robotics IT/RobotWare/RobotWare_6.08.0134/options/rse/" postpath="rse_cfgrules.xml"/>
<entry domain="PROC" prepath="C:/Users/tttopled/AppData/Local/ABB Industrial IT/Robotics IT/RobotWare/RobotWare_6.08.0134/options/cnv/" postpath="proc_cnv_cfgrules.xml"/>
</cfgrules_registry>